Workbook

Sheet 日当整理表（農・維）
B1: 日当等整理帳 | E1: 令和7年度 農地維持支払い一覧表 | O1: NO. | P1: １－１
B3: 農地維持支払 | E3: ○ | G3: 活動内容 | I3: ： | J3: 畦畔・農道・路肩・法面の草刈り等
B4: 資源向上支払（共同活動） | G4: 活動日時 | I4: ： | J4: 別紙作業表による
B5: 資源向上支払（長寿命化） | G5: 参加者数 | I5: ： | J5: １法人・1団体・個人２名
B8: 参加者一覧 兼 領収印
B9: No | C9: 氏名 | D9: 作業時間帯 | G9: 実働時間(H) | H9: 借用機材 | M9: 支払額 （円） | Q9: 領収印
H10: 軽トラ | I10: 草刈機 | J10: 畦畔草刈機 | K10: 動力噴霧器 | M10: 日当 | N10: 機械経費 | O10: その他 | P10: 合計 | R10: 整理表ＮＯ
B11: 1 | C11: （農）法人カマタ | D11: 別紙作業表による | G11: 143 | I11: ○ | J11: ○ | K11: ○ | M11: =法人一覧!AC57 -> 143000 | N11: =法人一覧!AC58+法人一覧!AC59+法人一覧!AC60 -> 67850 | P11: =SUM(M11:O11) -> 210850 | Q11: 振込 | R11: 農・維 1－1/2
B12: 2 | C12: （農）法人カマタ | E12: 〃 | G12: 138 | I12: ○ | J12: ○ | K12: ○ | M12: =法人一覧!AC131 -> 138000 | N12: =法人一覧!AC132+法人一覧!AC133+法人一覧!AC134 -> 66750 | P12: =SUM(M12:O12) -> 204750 | Q12: 振込 | R12: 農・維 １－2/2
B13: 3 | C13: 藤井 守 | D13: 別紙作業表による | G13: 63 | I13: ○ | J13: ○ | K13: ○ | M13: 63000 | N13: 30600 | P13: =SUM(M13:O13) -> 93600 | Q13: → | R13: 農・維 ２
B14: 4 | C14: 阿部 正隆 | D14: 別紙作業表による | G14: 78 | I14: ○ | J14: ○ | K14: ○ | M14: 78000 | N14: =阿部正隆!Y34 -> 35400 | P14: =SUM(M14:O14) -> 113400 | Q14: → | R14: 農・維 3
B15: 5 | C15: 斉木 忠義 | D15: 別紙作業表による | G15: 10 | I15: ○ | K15: ○ | M15: 10000 | N15: 3500 | P15: =SUM(M15:O15) -> 13500 | Q15: → | R15: 農・維 ４
B16: 6 | C16: 鎌田下管理組合 | D16: 別紙作業表による | G16: 27 | I16: ○ | K16: ○ | M16: =下管理組合!R33 -> 27000 | N16: =下管理組合!R34+下管理組合!R36 -> 5950 | P16: =SUM(M16:O16) -> 32950 | Q16: 振込 | R16: 農・維 ５
B18: 合 計 | G18: =SUM(G11:G16) -> 459 | M18: =SUM(M11:M16) -> 459000 | N18: =SUM(N11:N16) -> 210050 | P18: =SUM(P11:P16) -> 669050

Sheet 法人一覧
B1: 日当等整理表 | F1: 農地維持
D2: 農道・畦畔・水路部分の草刈り作業 | M2: (農）法人カマタ | O2: １/２ | Q2: 令和7年度 | AB2: 農・維１-１/２ | AG2: =AD57+AD131+#REF! -> #REF!
B3: 参加者一覧 兼 領収印 | AG3: 451573
C4: 氏 名 | D4: NO. | E4: 1 | F4: 2 | G4: 3 | H4: 4 | I4: 5 | J4: 6 | K4: 7 | L4: 8 | M4: 9 | N4: 10 | O4: 11 | P4: 12 | Q4: 13 | R4: 14 | S4: 15 | T4: 16 | U4: 17 | V4: 18 | W4: 19 | X4: 20 | Y4: 21 | Z4: 22 | AA4: 23 | AB4: 計 | AC4: 小 計 | AD4: 合 計 | AE4: 領 収 印 | AG4: =AG2-AG3 -> #REF!
D5: 日 付 | E5: 4/5 | F5: 4/12 | G5: 4/13 | H5: 4/19 | I5: 4/20 | J5: 4/26 | K5: 4/27 | L5: 5/3 | M5: 5/5 | N5: 5/6 | O5: 6/1 | P5: 6/3 | Q5: 6/14 | R5: 6/22 | S5: 6/28 | T5: 7/5 | U5: 7/19 | V5: 7/21 | W5: 7/22 | X5: 8/16 | Y5: 8/23 | Z5: 8/31 | AA5: 9/6
D6: 時 間 帯 | E6: 0.33333333 | F6: 0.29166667 | G6: 0.33333333 | H6: 0.33333333 | I6: 0.33333333 | J6: 0.29166667 | K6: 0.33333333 | L6: 0.29166667 | M6: 0.29166667 | N6: 0.33333333 | O6: 0.625 | P6: 0.33333333 | Q6: 0.29166667 | R6: 0.33333333 | S6: 0.58333333 | T6: 0.66666667 | U6: 16：：00 | V6: 0.625 | W6: 0.66666667 | X6: 0.70833333 | Y6: 0.66666667 | Z6: 0.33333333 | AA6: 0.33333333
E7: ～ | F7: ～ | G7: ～ | H7: ～ | I7: ～ | J7: ～ | K7: ～ | L7: ～ | M7: ～ | N7: ～ | O7: ～ | P7: ～ | Q7: ～ | R7: ～ | S7: ～ | T7: ～ | U7: ～ | V7: ～ | W7: ～ | X7: ～ | Y7: ～ | Z7: ～ | AA7: ～
E8: 0.41666667 | F8: 0.375 | G8: 0.41666667 | H8: 0.41666667 | I8: 0.375 | J8: 0.375 | K8: 0.41666667 | L8: 0.33333333 | M8: 0.375 | N8: 0.41666667 | O8: 0.66666667 | P8: 0.41666667 | Q8: 0.375 | R8: 0.41666667 | S8: 0.66666667 | T8: 0.75 | U8: 0.70833333 | V8: 0.70833333 | W8: 0.75 | X8: 0.75 | Y8: 0.75 | Z8: 0.41666667 | AA8: 0.45833333
D9: 実働時間 | E9: 2 | F9: 2 | G9: 2 | H9: 2 | I9: 1 | J9: 2 | K9: 2 | L9: 1 | M9: 2 | N9: 2 | O9: 1 | P9: 2 | Q9: 2 | R9: 2 | S9: 2 | T9: 2 | U9: 1 | V9: 2 | W9: 2 | X9: 1 | Y9: 2 | Z9: 2 | AA9: 3 | AB9: =SUM(E9:AA9) -> 42
D10: 活動内容 | E10: 草刈り | F10: 草刈り | G10: 草刈り | H10: 草刈り | I10: 草刈り | J10: 草刈り | K10: 草刈り | L10: 草刈り | M10: 草刈り | N10: 草刈り | O10: 草刈り | P10: 草刈り | Q10: 草刈り | R10: 草刈り | S10: 草刈り | T10: 除草剤 散布 | U10: 除草剤 散布 | V10: 除草剤 散布 | W10: 除草剤 散布 | X10: 除草剤 散布 | Y10: 除草剤 散布 | Z10: 草刈り | AA10: 草刈り
B11: 1 | C11: 齋木 太郎 | D11: 日 当 | E11: 2000 | F11: 2000 | G11: 2000 | H11: 2000 | I11: 1000 | J11: 2000 | K11: 2000 | L11: 1000 | M11: 2000 | N11: 2000 | O11: 1000 | P11: 2000 | Q11: 2000 | R11: 2000 | S11: 2000 | T11: 2000 | U11: 1000 | V11: 2000 | W11: 2000 | X11: 1000 | Y11: 2000 | Z11: 2000 | AA11: 3000 | AC11: =SUM(E11:AB11) -> 42000 | AD11: =AC11+AC12+AC13+AC14+AC15 -> 61450
D12: 草 刈 機 | E12: 700 | G12: 700 | H12: 700 | J12: 350 | K12: 700 | M12: 700 | N12: 700 | O12: 350 | P12: 700 | Q12: 350 | R12: 700 | W12: 700 | Z12: 700 | AA12: 700 | AC12: =SUM(E12:AB12) -> 8750
D13: 畦畔草刈機 | F13: 1600 | I13: 800 | J13: 800 | L13: 800 | Q13: 800 | S13: 1600 | AA13: 800 | AC13: =SUM(E13:AB13) -> 7200
D14: 動力噴霧器 | T14: 700 | U14: 350 | V14: 700 | W14: 700 | X14: 350 | Y14: 700 | AC14: =SUM(E14:AB14) -> 3500
D15: 軽トラック | AC15: =SUM(E15:AB15) -> 0
C17: 氏 名 | D17: NO. | E17: 1 | F17: 2 | G17: 3 | H17: 4 | I17: 5 | J17: 6 | K17: 7 | L17: 8 | M17: 9 | N17: 10 | O17: 11 | P17: 12 | Q17: 13 | R17: 14 | S17: 15 | T17: 16 | U17: 17 | V17: 18 | W17: 19 | X17: 20 | Y17: 21 | Z17: 22 | AA17: 23 | AB17: 計 | AC17: 小 計 | AD17: 合 計 | AE17: 領 収 印
D18: 日 付 | E18: 4/5 | F18: 4/8 | G18: 4/13 | H18: 4/15 | I18: 4/20 | J18: 5/2 | K18: 5/4 | L18: 5/6 | M18: 6/1 | N18: 6/3 | O18: 6/15 | P18: 7/5 | Q18: 7/8 | R18: 7/12 | S18: 7/15 | T18: 8/3 | U18: 8/11 | V18: 8/30 | W18: 9/7 | X18: 9/8
D19: 時 間 帯 | E19: 0.33333333 | F19: 0.33333333 | G19: 0.625 | H19: 0.33333333 | I19: 0.29166667 | J19: 0.33333333 | K19: 0.625 | L19: 0.33333333 | M19: 0.33333333 | N19: 0.33333333 | O19: 0.33333333 | P19: 0.66666667 | Q19: 0.66666667 | R19: 0.66666667 | S19: 0.66666667 | T19: 0.625 | U19: 0.29166667 | V19: 0.29166667 | W19: 0.33333333 | X19: 0.625
E20: ～ | F20: ～ | G20: ～ | H20: ～ | I20: ～ | J20: ～ | K20: ～ | L20: ～ | M20: ～ | N20: ～ | O20: ～ | P20: ～ | Q20: ～ | R20: ～ | S20: ～ | T20: ～ | U20: ～ | V20: ～ | W20: ～ | X20: ～
E21: 0.41666667 | F21: 0.41666667 | G21: 0.70833333 | H21: 0.41666667 | I21: 0.375 | J21: 0.41666667 | K21: 0.70833333 | L21: 0.41666667 | M21: 0.41666667 | N21: 0.41666667 | O21: 0.41666667 | P21: 0.75 | Q21: 0.70833333 | R21: 0.70833333 | S21: 0.75 | T21: 0.66666667 | U21: 0.375 | V21: 0.375 | W21: 0.41666667 | X21: 0.70833333
D22: 実働時間 | E22: 2 | F22: 2 | G22: 2 | H22: 2 | I22: 2 | J22: 2 | K22: 2 | L22: 2 | M22: 2 | N22: 2 | O22: 2 | P22: 2 | Q22: 1 | R22: 1 | S22: 2 | T22: 1 | U22: 2 | V22: 2 | W22: 2 | X22: 2 | AB22: =SUM(E22:AA22) -> 37
D23: 活動内容 | E23: 草刈り | F23: 草刈り | G23: 草刈り | H23: 草刈り | I23: 草刈り | J23: 草刈り | K23: 草刈り | L23: 草刈り | M23: 草刈り | N23: 草刈り | O23: 草刈り | P23: 除草剤 散布 | Q23: 除草剤 散布 | R23: 除草剤 散布 | S23: 除草剤 散布 | T23: 草刈り | U23: 草刈り | V23: 草刈り | W23: 草刈り | X23: 草刈り
B24: 2 | C24: 阿部賢二 | D24: 日 当 | E24: 2000 | F24: 2000 | G24: 2000 | H24: 2000 | I24: 2000 | J24: 2000 | K24: 2000 | L24: 2000 | M24: 2000 | N24: 2000 | O24: 2000 | P24: 2000 | Q24: 1000 | R24: 1000 | S24: 2000 | T24: 1000 | U24: 2000 | V24: 2000 | W24: 2000 | X24: 2000 | AC24: =SUM(E24:AB24) -> 37000 | AD24: =AC24+AC25+AC26+AC27+AC28 -> 54900
D25: 草 刈 機 | E25: 700 | H25: 700 | I25: 700 | J25: 700 | K25: 700 | L25: 700 | N25: 350 | O25: 700 | T25: 350 | U25: 700 | X25: 700 | AC25: =SUM(E25:AB25) -> 7000
D26: 畦畔草刈機 | F26: 1600 | G26: 1600 | M26: 1600 | N26: 800 | V26: 1600 | W26: 1600 | AC26: =SUM(E26:AB26) -> 8800
D27: 動力噴霧器 | P27: 700 | Q27: 350 | R27: 350 | S27: 700 | AC27: =SUM(E27:AB27) -> 2100
D28: 軽トラック | AC28: =SUM(E28:AB28) -> 0
C30: 氏 名 | D30: NO. | E30: 1 | F30: 2 | G30: 3 | H30: 4 | I30: 5 | J30: 6 | K30: 7 | L30: 8 | M30: 9 | N30: 10 | O30: 11 | P30: 12 | Q30: 13 | R30: 14 | S30: 15 | T30: 16 | U30: 17 | V30: 18 | W30: 19 | X30: 20 | Y30: 21 | Z30: 22 | AA30: 23 | AB30: 計 | AC30: 小 計 | AD30: 合 計 | AE30: 領 収 印
D31: 日 付 | E31: 4/5 | F31: 4/8 | G31: 4/10 | H31: 4/14 | I31: 4/23 | J31: 4/30 | K31: 5/3 | L31: 5/5 | M31: 5/7 | N31: 5/9 | O31: 6/2 | P31: 6/5 | Q31: 6/15 | R31: 7/2 | S31: 7/4 | T31: 7/19 | U31: 8/10 | V31: 8/14 | W31: 8/17
D32: 時 間 帯 | E32: 0.33333333 | F32: 0.33333333 | G32: 0.33333333 | H32: 0.33333333 | I32: 0.29166667 | J32: 0.33333333 | K32: 0.29166667 | L32: 0.33333333 | M32: 0.33333333 | N32: 0.29166667 | O32: 0.33333333 | P32: 0.33333333 | Q32: 0.29166667 | R32: 0.66666667 | S32: 0.66666667 | T32: 0.66666667 | U32: 0.33333333 | V32: 0.33333333 | W32: 0.33333333
E33: ～ | F33: ～ | G33: ～ | H33: ～ | I33: ～ | J33: ～ | K33: ～ | L33: ～ | M33: ～ | N33: ～ | O33: ～ | P33: ～ | Q33: ～ | R33: ～ | S33: ～ | T33: ～ | U33: ～ | V33: ～ | W33: ～
E34: 0.41666667 | F34: 0.375 | G34: 0.41666667 | H34: 0.41666667 | I34: 0.375 | J34: 0.41666667 | K34: 0.375 | L34: 0.41666667 | M34: 0.41666667 | N34: 0.375 | O34: 0.375 | P34: 0.41666667 | Q34: 0.375 | R34: 0.75 | S34: 0.75 | T34: 0.75 | U34: 0.41666667 | V34: 0.41666667 | W34: 0.41666667
D35: 実働時間 | E35: 2 | F35: 1 | G35: 2 | H35: 2 | I35: 2 | J35: 2 | K35: 2 | L35: 2 | M35: 2 | N35: 2 | O35: 1 | P35: 2 | Q35: 2 | R35: 2 | S35: 2 | T35: 2 | U35: 2 | V35: 2 | W35: 2 | AB35: =SUM(E35:AA35) -> 36
D36: 活動内容 | E36: 草刈り | F36: 草刈り | G36: 草刈り | H36: 草刈り | I36: 草刈り | J36: 草刈り | K36: 草刈り | L36: 草刈り | M36: 草刈り | N36: 草刈り | O36: 草刈り | P36: 草刈り | Q36: 草刈り | R36: 除草剤 散布 | S36: 除草剤 散布 | T36: 除草剤 散布 | U36: 草刈り | V36: 草刈り | W36: 草刈り
B37: 3 | C37: 嘉藤 茂 | D37: 日 当 | E37: 2000 | F37: 1000 | G37: 2000 | H37: 2000 | I37: 2000 | J37: 2000 | K37: 2000 | L37: 2000 | M37: 2000 | N37: 2000 | O37: 1000 | P37: 2000 | Q37: 2000 | R37: 2000 | S37: 2000 | T37: 2000 | U37: 2000 | V37: 2000 | W37: 2000 | AC37: =SUM(E37:AB37) -> 36000 | AD37: =AC37+AC38+AC39+AC40+AC41 -> 54000
D38: 草 刈 機 | E38: 700 | F38: 350 | H38: 700 | J38: 700 | L38: 700 | M38: 700 | O38: 350 | P38: 700 | V38: 700 | W38: 700 | AC38: =SUM(E38:AB38) -> 6300
D39: 畦畔草刈機 | G39: 1600 | I39: 1600 | K39: 1600 | N39: 1600 | Q39: 1600 | U39: 1600 | AC39: =SUM(E39:AB39) -> 9600
D40: 動力噴霧器 | R40: 700 | S40: 700 | T40: 700 | AC40: =SUM(E40:AB40) -> 2100
D41: 軽トラック | AC41: =SUM(E41:AB41) -> 0
C43: 氏 名 | D43: NO. | E43: 1 | F43: 2 | G43: 3 | H43: 4 | I43: 5 | J43: 6 | K43: 7 | L43: 8 | M43: 9 | N43: 10 | O43: 11 | P43: 12 | Q43: 13 | R43: 14 | S43: 15 | T43: 16 | U43: 17 | V43: 18 | W43: 19 | X43: 20 | Y43: 21 | Z43: 22 | AA43: 23 | AB43: 計 | AC43: 小 計 | AD43: 合 計 | AE43: 領 収 印
D44: 日 付 | E44: 45754 | F44: 45755 | G44: 45757 | H44: 45759 | I44: 45760 | J44: 45763 | K44: 45767 | L44: 45781 | M44: 45785 | N44: 45809 | O44: 45811 | P44: 45818 | Q44: 45820 | R44: 45846 | S44: 45848 | T44: 45853 | U44: 45881 | V44: 45882
D45: 時 間 帯 | E45: 0.33333333 | F45: 0.29166667 | G45: 0.58333333 | H45: 0.375 | I45: 0.29166667 | J45: 0.29166667 | K45: 0.625 | L45: 0.625 | M45: 0.33333333 | N45: 0.33333333 | O45: 0.29166667 | P45: 0.625 | Q45: 0.66666667 | R45: 0.66666667 | S45: 0.66666667 | T45: 0.66666667 | U45: 0.33333333 | V45: 0.375
E46: ～ | F46: ～ | G46: ～ | H46: ～ | I46: ～ | J46: ～ | K46: ～ | L46: ～ | M46: ～ | N46: ～ | O46: ～ | P46: ～ | Q46: ～ | R46: ～ | S46: ～ | T46: ～ | U46: ～ | V46: ～
E47: 0.41666667 | F47: 0.375 | G47: 0.66666667 | H47: 0.41666667 | I47: 0.375 | J47: 0.33333333 | K47: 0.70833333 | L47: 0.70833333 | M47: 0.375 | N47: 0.375 | O47: 0.375 | P47: 0.70833333 | Q47: 0.70833333 | R47: 0.70833333 | S47: 0.75 | T47: 0.70833333 | U47: 0.41666667 | V47: 0.41666667
D48: 実働時間 | E48: 2 | F48: 2 | G48: 2 | H48: 1 | I48: 2 | J48: 1 | K48: 2 | L48: 2 | M48: 1 | N48: 1 | O48: 2 | P48: 2 | Q48: 1 | R48: 1 | S48: 2 | T48: 1 | U48: 2 | V48: 1 | AB48: =SUM(E48:AA48) -> 28
D49: 活動内容 | E49: 草刈り | F49: 草刈り | G49: 草刈り | H49: 草刈り | I49: 草刈り | J49: 草刈り | K49: 草刈り | L49: 草刈り | M49: 草刈り | N49: 草刈り | O49: 草刈り | P49: 草刈り | Q49: 草刈り | R49: 除草剤 散布 | S49: 除草剤 散布 | T49: 除草剤 散布 | U49: 草刈り | V49: 草刈り
B50: 4 | C50: 西谷 博厚 | D50: 日 当 | E50: 2000 | F50: 2000 | G50: 2000 | H50: 1000 | I50: 2000 | J50: 1000 | K50: 2000 | L50: 2000 | M50: 1000 | N50: 1000 | O50: 2000 | P50: 2000 | Q50: 1000 | R50: 1000 | S50: 2000 | T50: 1000 | U50: 2000 | V50: 1000 | AC50: =SUM(E50:AB50) -> 28000 | AD50: =AC50+AC51+AC52+AC53+AC54 -> 40500
D51: 草 刈 機 | E51: 700 | F51: 700 | I51: 700 | K51: 350 | L51: 700 | N51: 350 | O51: 700 | P51: 700 | Q51: 350 | U51: 700 | V51: 350 | AC51: =SUM(E51:AB51) -> 6300
D52: 畦畔草刈機 | G52: 1600 | H52: 800 | J52: 800 | K52: 800 | M52: 800 | AC52: =SUM(E52:AB52) -> 4800
D53: 動力噴霧器 | R53: 350 | S53: 700 | T53: 350 | AC53: =SUM(E53:AB53) -> 1400
D54: 軽トラック | AC54: =SUM(E54:AB54) -> 0
D56: 実働時間 | E56: =E9+E22+E35+E48 -> 8 | F56: =F9+F22+F35+F48 -> 7 | G56: =G9+G22+G35+G48 -> 8 | H56: =H9+H22+H35+H48 -> 7 | I56: =I9+I22+I35+I48 -> 7 | J56: =J9+J22+J35+J48 -> 7 | K56: =K9+K22+K35+K48 -> 8 | L56: =L9+L22+L35+L48 -> 7 | ... AB56: =AB9+AB22+AB35+AB48 -> 143
D57: 日 当 | E57: =E11+E24+E37+E50 -> 8000 | F57: =F11+F24+F37+F50 -> 7000 | G57: =G11+G24+G37+G50 -> 8000 | H57: =H11+H24+H37+H50 -> 7000 | I57: =I11+I24+I37+I50 -> 7000 | J57: =J11+J24+J37+J50 -> 7000 | K57: =K11+K24+K37+K50 -> 8000 | L57: =L11+L24+L37+L50 -> 7000 | ... AA57: =AA11+AA24+AA37+AA50 -> 3000 | AC57: =AC11+AC24+AC37+AC50 -> 143000 | AD57: =AC57+AC58+AC59+AC60+AC61 -> 210850
B58: （農）法人カマタ | D58: 草 刈 機 | E58: =E12+E25+E38+E51 -> 2800 | F58: =F12+F25+F38+F51 -> 1050 | G58: =G12+G25+G38+G51 -> 700 | H58: =H12+H25+H38+H51 -> 2100 | I58: =I12+I25+I38+I51 -> 1400 | J58: =J12+J25+J38+J51 -> 1750 | K58: =K12+K25+K38+K51 -> 1750 | L58: =L12+L25+L38+L51 -> 2100 | ... AA58: =AA12+AA25+AA38+AA51 -> 700 | AC58: =AC12+AC25+AC38+AC51 -> 28350
B59: １/２ 小計 | D59: 畦畔草刈機 | E59: =E13+E26+E39+E52 -> 0 | F59: =F13+F26+F39+F52 -> 3200 | G59: =G13+G26+G39+G52 -> 4800 | H59: =H13+H26+H39+H52 -> 800 | I59: =I13+I26+I39+I52 -> 2400 | J59: =J13+J26+J39+J52 -> 1600 | K59: =K13+K26+K39+K52 -> 2400 | L59: =L13+L26+L39+L52 -> 800 | ... AA59: =AA13+AA26+AA39+AA52 -> 800 | AC59: =AC13+AC26+AC39+AC52 -> 30400
D60: 動力噴霧器 | E60: =E14+E27+E40+E53 -> 0 | F60: =F14+F27+F40+F53 -> 0 | G60: =G14+G27+G40+G53 -> 0 | H60: =H14+H27+H40+H53 -> 0 | I60: =I14+I27+I40+I53 -> 0 | J60: =J14+J27+J40+J53 -> 0 | K60: =K14+K27+K40+K53 -> 0 | L60: =L14+L27+L40+L53 -> 0 | ... AA60: =AA14+AA27+AA40+AA53 -> 0 | AC60: =AC14+AC27+AC40+AC53 -> 9100
D61: 軽トラック | E61: =E15+E28+E41+E54 -> 0 | F61: =F15+F28+F41+F54 -> 0 | G61: =G15+G28+G41+G54 -> 0 | H61: =H15+H28+H41+H54 -> 0 | I61: =I15+I28+I41+I54 -> 0 | J61: =J15+J28+J41+J54 -> 0 | K61: =K15+K28+K41+K54 -> 0 | L61: =L15+L28+L41+L54 -> 0 | ... AA61: =AA15+AA28+AA41+AA54 -> 0 | AC61: =AC15+AC28+AC41+AC54 -> 0
Z63: 令和6年４月１日 改定 | AB63: 日当 ：1，000円/時間
AB64: 草刈機 ：＋３５０円/時間
AB65: 畦畔草刈機 ：＋８００円/時間
AB66: 動力噴霧器 ：＋３５０円/時間
AB67: 軽トラック ：１，０００円/時間
AD71: =AD11+AD24+AD37+AD50 -> 210850 | AE71: =SUM(AE63:AE70) -> 0
B72: 日当等整理表 | E72: 農地維持
D73: 農道・畦畔・水路部分の草刈り作業 | M73: （農）法人カマタ | O73: ２/２ | Q73: 令和7年度 | AB73: 農・維１-２/２
B74: 参加者一覧 兼 領収印
C75: 氏 名 | D75: NO. | E75: 1 | F75: 2 | G75: 3 | H75: 4 | I75: 5 | J75: 6 | K75: 7 | L75: 8 | M75: 9 | N75: 10 | O75: 11 | P75: 12 | Q75: 13 | R75: 14 | S75: 15 | T75: 16 | U75: 17 | V75: 18 | W75: 19 | X75: 20 | Y75: 21 | Z75: 22 | AA75: 23 | AB75: 計 | AC75: 小 計 | AD75: 合 計 | AE75: 領 収 印
D76: 日 付 | E76: 45755 | F76: 45757 | G76: 45760 | H76: 45762 | I76: 45780 | J76: 45785 | K76: 45797 | L76: 45799 | M76: 45810 | N76: 45815 | O76: 45826 | P76: 45856 | Q76: 45860 | R76: 45863 | S76: 45868 | T76: 45874 | U76: 45875 | V76: 45878 | W76: 45881 | X76: 45882 | Y76: 45889 | Z76: 45892 | AA76: 45893
D77: 時 間 帯 | E77: 0.33333333 | F77: 0.33333333 | G77: 0.625 | H77: 0.33333333 | I77: 0.33333333 | J77: 0.33333333 | K77: 0.33333333 | L77: 0.33333333 | M77: 0.33333333 | N77: 0.29166667 | O77: 0.33333333 | P77: 0.33333333 | Q77: 0.66666667 | R77: 0.66666667 | S77: 0.70833333 | T77: 0.33333333 | U77: 0.33333333 | V77: 0.625 | W77: 0.33333333 | X77: 0.33333333 | Y77: 0.33333333 | Z77: 0.33333333 | AA77: 0.33333333
E78: ～ | F78: ～ | G78: ～ | H78: ～ | I78: ～ | J78: ～ | K78: ～ | L78: ～ | M78: ～ | N78: ～ | O78: ～ | P78: ～ | Q78: ～ | R78: ～ | S78: ～ | T78: ～ | U78: ～ | V78: ～ | W78: ～ | X78: ～ | Y78: ～ | Z78: ～ | AA78: ～
E79: 0.375 | F79: 0.41666667 | G79: 0.70833333 | H79: 0.41666667 | I79: 0.41666667 | J79: 0.41666667 | K79: 0.375 | L79: 0.41666667 | M79: 0.41666667 | N79: 0.375 | O79: 0.41666667 | P79: 0.41666667 | Q79: 0.75 | R79: 0.70833333 | S79: 0.75 | T79: 0.41666667 | U79: 0.375 | V79: 0.70833333 | W79: 0.41666667 | X79: 10 | Y79: 0.41666667 | Z79: 0.41666667 | AA79: 0.41666667
D80: 実働時間 | E80: 1 | F80: 2 | G80: 2 | H80: 2 | I80: 2 | J80: 2 | K80: 1 | L80: 2 | M80: 2 | N80: 2 | O80: 2 | P80: 2 | Q80: 2 | R80: 1 | S80: 1 | T80: 2 | U80: 1 | V80: 2 | W80: 2 | X80: 2 | Y80: 2 | Z80: 2 | AA80: 2 | AB80: =SUM(E80:AA80) -> 41
D81: 活動内容 | E81: 草刈り | F81: 草刈り | G81: 草刈り | H81: 草刈り | I81: 草刈り | J81: 草刈り | K81: 草刈り | L81: 草刈り | M81: 草刈り | N81: 草刈り | O81: 草刈り | P81: 除草剤 散布 | Q81: 除草剤 散布 | R81: 除草剤 散布 | S81: 除草剤 散布 | T81: 草刈り | U81: 草刈り | V81: 草刈り | W81: 草刈り | X81: 草刈り | Y81: 草刈り | Z81: 草刈り | AA81: 草刈り
B82: 1 | C82: 阿部 知信 | D82: 日 当 | E82: 1000 | F82: 2000 | G82: 2000 | H82: 2000 | I82: 2000 | J82: 2000 | K82: 1000 | L82: 2000 | M82: 2000 | N82: 2000 | O82: 2000 | P82: 2000 | Q82: 2000 | R82: 1000 | S82: 1000 | T82: 2000 | U82: 1000 | V82: 2000 | W82: 2000 | X82: 2000 | Y82: 2000 | Z82: 2000 | AA82: 2000 | AC82: =SUM(E82:AB82) -> 41000 | AD82: =AC82+AC83+AC84+AC85+AC86 -> 55350
D83: 草 刈 機 | E83: 350 | F83: 700 | G83: 700 | H83: 700 | I83: 700 | J83: 700 | K83: 350 | L83: 700 | M83: 700 | N83: 700 | O83: 700 | T83: 700 | U83: 350 | V83: 700 | W83: 700 | X83: 700 | Y83: 700 | Z83: 700 | AA83: 700 | AC83: =SUM(E83:AB83) -> 12250
D84: 畦畔草刈機 | AC84: =SUM(E84:AB84) -> 0
D85: 動力噴霧器 | P85: 700 | Q85: 700 | R85: 350 | S85: 350 | AC85: =SUM(E85:AB85) -> 2100
D86: 軽トラック | AC86: =SUM(E86:AB86) -> 0
C88: 氏 名 | D88: NO. | E88: 1 | F88: 2 | G88: 3 | H88: 4 | I88: 5 | J88: 6 | K88: 7 | L88: 8 | M88: 9 | N88: 10 | O88: 11 | P88: 12 | Q88: 13 | R88: 14 | S88: 15 | T88: 16 | U88: 17 | V88: 18 | W88: 19 | X88: 20 | Y88: 21 | Z88: 22 | AA88: 23 | AB88: 計 | AC88: 小 計 | AD88: 合 計 | AE88: 領 収 印
D89: 日 付 | E89: 45754 | F89: 45755 | G89: 45757 | H89: 45759 | I89: 45760 | J89: 45786 | K89: 45792 | L89: 45797 | M89: 45801 | N89: 45809 | O89: 45820 | P89: 45823 | Q89: 45839 | R89: 45853 | S89: 45859 | T89: 45870 | U89: 45879 | V89: 45881 | W89: 45887 | X89: 45890
D90: 時 間 帯 | E90: 0.33333333 | F90: 0.33333333 | G90: 0.29166667 | H90: 0.33333333 | I90: 0.29166667 | J90: 0.33333333 | K90: 0.33333333 | L90: 0.33333333 | M90: 0.29166667 | N90: 0.33333333 | O90: 0.29166667 | P90: 0.33333333 | Q90: 0.29166667 | R90: 0.66666667 | S90: 0.66666667 | T90: 0.33333333 | U90: 0.29166667 | V90: 0.33333333 | W90: 0.29166667 | X90: 0.29166667
E91: ～ | F91: ～ | G91: ～ | H91: ～ | I91: ～ | J91: ～ | K91: ～ | L91: ～ | M91: ～ | N91: ～ | O91: ～ | P91: ～ | Q91: ～ | R91: ～ | S91: ～ | T91: ～ | U91: ～ | V91: ～ | W91: ～ | X91: ～
E92: 0.41666667 | F92: 0.41666667 | G92: 0.375 | H92: 0.41666667 | I92: 0.375 | J92: 0.41666667 | K92: 0.41666667 | L92: 0.375 | M92: 0.375 | N92: 0.41666667 | O92: 0.375 | P92: 0.41666667 | Q92: 0.375 | R92: 0.75 | S92: 0.75 | T92: 0.41666667 | U92: 0.375 | V92: 0.41666667 | W92: 0.375 | X92: 0.375
D93: 実働時間 | E93: 2 | F93: 2 | G93: 2 | H93: 2 | I93: 2 | J93: 2 | K93: 2 | L93: 1 | M93: 2 | N93: 2 | O93: 2 | P93: 2 | Q93: 2 | R93: 2 | S93: 2 | T93: 2 | U93: 2 | V93: 2 | W93: 2 | X93: 2 | AB93: =SUM(E93:AA93) -> 39
D94: 活動内容 | E94: 草刈り | F94: 草刈り | G94: 草刈り | H94: 草刈り | I94: 草刈り | J94: 草刈り | K94: 草刈り | L94: 草刈り | M94: 草刈り | N94: 草刈り | O94: 草刈り | P94: 草刈り | Q94: 草刈り | R94: 除草剤 散布 | S94: 除草剤 散布 | T94: 草刈り | U94: 草刈り | V94: 草刈り | W94: 草刈り | X94: 草刈り
B95: 2 | C95: 五十嵐修一 | D95: 日 当 | E95: 2000 | F95: 2000 | G95: 2000 | H95: 2000 | I95: 2000 | J95: 2000 | K95: 2000 | L95: 1000 | M95: 2000 | N95: 2000 | O95: 2000 | P95: 2000 | Q95: 2000 | R95: 2000 | S95: 2000 | T95: 2000 | U95: 2000 | V95: 2000 | W95: 2000 | X95: 2000 | AC95: =SUM(E95:AB95) -> 39000 | AD95: =AC95+AC96+AC97+AC98+AC99 -> 59400
D96: 草 刈 機 | E96: 700 | F96: 350 | G96: 700 | J96: 700 | K96: 700 | L96: 350 | M96: 700 | P96: 700 | Q96: 700 | U96: 700 | V96: 700 | AC96: =SUM(E96:AB96) -> 7000
D97: 畦畔草刈機 | F97: 800 | H97: 1600 | I97: 1600 | N97: 1600 | O97: 1600 | T97: 1600 | W97: 1600 | X97: 1600 | AC97: =SUM(E97:AB97) -> 12000
D98: 動力噴霧器 | R98: 700 | S98: 700 | AC98: =SUM(E98:AB98) -> 1400
D99: 軽トラック | AC99: =SUM(E99:AB99) -> 0
C101: 氏 名 | D101: NO. | E101: 1 | F101: 2 | G101: 3 | H101: 4 | I101: 5 | J101: 6 | K101: 7 | L101: 8 | M101: 9 | N101: 10 | O101: 11 | P101: 12 | Q101: 13 | R101: 14 | S101: 15 | T101: 16 | U101: 17 | V101: 18 | W101: 19 | X101: 20 | Y101: 21 | Z101: 22 | AA101: 23 | AB101: 計 | AC101: 小 計 | AD101: 合 計 | AE101: 領 収 印
D102: 日 付 | E102: 45755 | F102: 45756 | G102: 45757 | H102: 45758 | I102: 45760 | J102: 45784 | K102: 45786 | L102: 45797 | M102: 45802 | N102: 45811 | O102: 45818 | P102: 45823 | Q102: 45850 | R102: 45853 | S102: 45853 | T102: 45881 | U102: 45883 | V102: 45889 | W102: 45888 | X102: 45890 | Y102: 45898 | Z102: 45900
D103: 時 間 帯 | E103: 0.33333333 | F103: 0.33333333 | G103: 0.29166667 | H103: 0.33333333 | I103: 0.29166667 | J103: 0.33333333 | K103: 0.33333333 | L103: 0.33333333 | M103: 0.29166667 | N103: 0.33333333 | O103: 0.29166667 | P103: 0.33333333 | Q103: 0.33333333 | R103: 0.29166667 | S103: 0.29166667 | T103: 0.33333333 | U103: 0.29166667 | V103: 0.33333333 | W103: 0.29166667 | X103: 0.29166667 | Y103: 0.33333333 | Z103: 0.29166667
E104: ～ | F104: ～ | G104: ～ | H104: ～ | I104: ～ | J104: ～ | K104: ～ | L104: ～ | M104: ～ | N104: ～ | O104: ～ | P104: ～ | Q104: ～ | R104: ～ | S104: ～ | T104: ～ | U104: ～ | V104: ～ | W104: ～ | X104: ～ | Y104: ～ | Z104: ～
E105: 0.41666667 | F105: 0.41666667 | G105: 0.375 | H105: 0.41666667 | I105: 0.375 | J105: 0.41666667 | K105: 0.41666667 | L105: 0.41666667 | M105: 0.375 | N105: 0.41666667 | O105: 0.41666667 | P105: 0.41666667 | Q105: 10 | R105: 0.375 | S105: 0.41666667 | T105: 0.41666667 | U105: 0.375 | V105: 0.45833333 | W105: 0.375 | X105: 0.375 | Y105: 0.41666667 | Z105: 0.375
D106: 実働時間 | E106: 2 | F106: 2 | G106: 2 | H106: 2 | I106: 1 | J106: 2 | K106: 2 | L106: 2 | M106: 2 | N106: 2 | O106: 3 | P106: 2 | Q106: 2 | R106: 2 | S106: 3 | T106: 2 | U106: 2 | V106: 3 | W106: 2 | X106: 2 | Y106: 2 | Z106: 2 | AB106: =SUM(E106:AA106) -> 46
D107: 活動内容 | E107: 草刈り | F107: 草刈り | G107: 草刈り | H107: 草刈り | I107: 草刈り | J107: 草刈り | K107: 草刈り | L107: 草刈り | M107: 草刈り | N107: 草刈り | O107: 草刈り | P107: 草刈り | Q107: 草刈り | R107: 草刈り | S107: 草刈り | T107: 草刈り | U107: 草刈り | V107: 草刈り | W107: 草刈り | X107: 草刈り | Y107: 草刈り | Z107: 草刈り
B108: 3 | C108: 穂刈 和利 | D108: 日 当 | E108: 2000 | F108: 2000 | G108: 2000 | H108: 2000 | I108: 1000 | J108: 2000 | K108: 2000 | L108: 2000 | M108: 2000 | N108: 2000 | O108: 3000 | P108: 2000 | Q108: 2000 | R108: 2000 | S108: 3000 | T108: 2000 | U108: 2000 | V108: 3000 | W108: 2000 | X108: 2000 | Y108: 2000 | Z108: 2000 | AC108: =SUM(E108:AB108) -> 46000 | AD108: =AC108+AC109+AC110+AC111+AC112 -> 73800
D109: 草 刈 機 | E109: 700 | G109: 700 | I109: 800 | J109: 700 | L109: 700 | M109: 700 | P109: 700 | Q109: 700 | U109: 700 | W109: 700 | Z109: 700 | AC109: =SUM(E109:AB109) -> 7800
D110: 畦畔草刈機 | F110: 1600 | H110: 1600 | K110: 1600 | N110: 1600 | O110: 2400 | R110: 1600 | S110: 2400 | T110: 1600 | V110: 2400 | X110: 1600 | Y110: 1600 | AC110: =SUM(E110:AB110) -> 20000
...

Sheet Sheet11
B1: 日当等整理表
B3: 参加者一覧 兼 領収印
C4: 氏 名 | D4: NO. | E4: 1 | F4: 2 | G4: 3 | H4: 4 | I4: 5 | J4: 6 | K4: 7 | L4: 8 | M4: 9 | N4: 10 | O4: 11 | P4: 12 | Q4: 13 | R4: 14 | S4: 15 | T4: 16 | U4: 17 | V4: 18 | W4: 19 | X4: 20 | Y4: 21 | Z4: 22 | AA4: 23 | AB4: 24 | AC4: 25 | AD4: 26 | AE4: 小 計 | AF4: 合 計 | AG4: 領 収 印
D5: 日 付
D6: 時 間 帯
E7: ～ | F7: ～ | G7: ～ | H7: ～ | I7: ～ | J7: ～ | K7: ～ | L7: ～ | M7: ～ | N7: ～ | O7: ～ | P7: ～ | Q7: ～ | R7: ～ | S7: ～ | T7: ～ | U7: ～ | V7: ～ | W7: ～ | X7: ～ | Y7: ～ | Z7: ～ | AA7: ～ | AB7: ～ | AC7: ～ | AD7: ～
D9: 実働時間
D10: 活動内容
B11: 1 | C11: 斉木 裕司 | D11: 日 当 | AE11: =SUM(E11:AD11) -> 0 | AF11: =AE11+AE12+AE13+AE14+AE15 -> 0
D12: 草 刈 機 | AE12: =SUM(E12:AD12) -> 0
D13: 畦畔草刈機 | AE13: =SUM(E13:AD13) -> 0
D14: 法面草刈機 | AE14: =SUM(E14:AD14) -> 0
D15: 軽トラック | AE15: =SUM(E15:AD15) -> 0
B16: 2 | C16: 飛田 敬一 | D16: 日 当 | AE16: =SUM(E16:AD16) -> 0 | AF16: =AE16+AE17+AE18+AE19+AE20 -> 0
D17: 草 刈 機 | AE17: =SUM(E17:AD17) -> 0
D18: 畦畔草刈機 | AE18: =SUM(E18:AD18) -> 0
D19: 法面草刈機 | AE19: =SUM(E19:AD19) -> 0
D20: 軽トラック | AE20: =SUM(E20:AD20) -> 0
B21: 3 | D21: 日 当 | AE21: =SUM(E21:AD21) -> 0 | AF21: =AE21+AE22+AE23+AE24+AE25 -> 0
D22: 草 刈 機 | AE22: =SUM(E22:AD22) -> 0
D23: 畦畔草刈機 | AE23: =SUM(E23:AD23) -> 0
D24: 法面草刈機 | AE24: =SUM(E24:AD24) -> 0
D25: 軽トラック | AE25: =SUM(E25:AD25) -> 0
B26: 4 | D26: 日 当 | AE26: =SUM(E26:AD26) -> 0 | AF26: =AE26+AE27+AE28+AE29+AE30 -> 0
D27: 草 刈 機 | AE27: =SUM(E27:AD27) -> 0
D28: 畦畔草刈機 | AE28: =SUM(E28:AD28) -> 0
D29: 法面草刈機 | AE29: =SUM(E29:AD29) -> 0
D30: 軽トラック | AE30: =SUM(E30:AD30) -> 0
B31: 5 | D31: 日 当 | AE31: =SUM(E31:AD31) -> 0 | AF31: =AE31+AE32+AE33+AE34+AE35 -> 0
D32: 草 刈 機 | AE32: =SUM(E32:AD32) -> 0
D33: 畦畔草刈機 | AE33: =SUM(E33:AD33) -> 0
D34: 法面草刈機 | AE34: =SUM(E34:AD34) -> 0
D35: 軽トラック | AE35: =SUM(E35:AD35) -> 0
B36: 6 | D36: 日 当 | AE36: =SUM(E36:AD36) -> 0 | AF36: =AE36+AE37+AE38+AE39+AE40 -> 0
D37: 草 刈 機 | AE37: =SUM(E37:AD37) -> 0
D38: 畦畔草刈機 | AE38: =SUM(E38:AD38) -> 0
D39: 法面草刈機 | AE39: =SUM(E39:AD39) -> 0
D40: 軽トラック | AE40: =SUM(E40:AD40) -> 0
B41: 7 | D41: 日 当 | AE41: =SUM(E41:AD41) -> 0 | AF41: =AE41+AE42+AE43+AE44+AE45 -> 0
D42: 草 刈 機 | AE42: =SUM(E42:AD42) -> 0
D43: 畦畔草刈機 | AE43: =SUM(E43:AD43) -> 0
D44: 法面草刈機 | AE44: =SUM(E44:AD44) -> 0
D45: 軽トラック | AE45: =SUM(E45:AD45) -> 0
B46: 8 | D46: 日 当 | AE46: =SUM(E46:AD46) -> 0 | AF46: =AE46+AE47+AE48+AE49+AE50 -> 0
D47: 草 刈 機 | AE47: =SUM(E47:AD47) -> 0
D48: 畦畔草刈機 | AE48: =SUM(E48:AD48) -> 0
D49: 法面草刈機 | AE49: =SUM(E49:AD49) -> 0
D50: 軽トラック | AE50: =SUM(E50:AD50) -> 0
B51: 9 | D51: 日 当 | AE51: =SUM(E51:AD51) -> 0 | AF51: =AE51+AE52+AE53+AE54+AE55 -> 0
D52: 草 刈 機 | AE52: =SUM(E52:AD52) -> 0
D53: 畦畔草刈機 | AE53: =SUM(E53:AD53) -> 0
D54: 法面草刈機 | AE54: =SUM(E54:AD54) -> 0
D55: 軽トラック | AE55: =SUM(E55:AD55) -> 0
B56: 10 | D56: 日 当 | AE56: =SUM(E56:AD56) -> 0 | AF56: =AE56+AE57+AE58+AE59+AE60 -> 0
D57: 草 刈 機 | AE57: =SUM(E57:AD57) -> 0
D58: 畦畔草刈機 | AE58: =SUM(E58:AD58) -> 0
D59: 法面草刈機 | AE59: =SUM(E59:AD59) -> 0
D60: 軽トラック | AE60: =SUM(E60:AD60) -> 0
B61: 11 | D61: 日 当 | AE61: =SUM(E61:AD61) -> 0 | AF61: =AE61+AE62+AE63+AE64+AE65 -> 0
D62: 草 刈 機 | AE62: =SUM(E62:AD62) -> 0
D63: 畦畔草刈機 | AE63: =SUM(E63:AD63) -> 0
D64: 法面草刈機 | AE64: =SUM(E64:AD64) -> 0
D65: 軽トラック | AE65: =SUM(E65:AD65) -> 0
B66: 計
AD68: 日当 ：９７０円/時間
AD69: 畦畔草刈機 ：７５０円/時間
AD70: 法面草刈機 ：９３０円/時間
AD71: （燃料費を含む）

Sheet 2.藤井
D2: 日当整理表 | G2: 農地維持
D3: 畦畔・農道・路肩・法面の草刈り等 | K3: 藤井 守 | O3: 令和７年度 | U3: 農・維２
B5: NO. | D5: 1 | E5: 2 | F5: 3 | G5: 4 | H5: 5 | I5: 6 | J5: 7 | K5: 8 | L5: 9 | M5: 10 | N5: 11 | O5: 12 | P5: 13 | Q5: 14 | R5: 15 | S5: 16 | T5: 17 | U5: 18 | V5: 19 | W5: 20 | Z5: 計
B6: 日 付 | D6: 4/5 | E6: 4/9 | F6: 4/12 | G6: 5/5 | H6: 5/7 | I6: 5/13 | J6: 5/22 | K6: 5/27 | L6: 6/4 | M6: 6/9 | N6: 6/21 | O6: 6/22 | P6: 6/25 | Q6: 7/5 | R6: 7/10 | S6: 7/12 | T6: 7/15 | U6: 7/18 | V6: 7/19 | W6: 7/21
B7: 時 間 帯 | D7: 0.33333333 | E7: 0.33333333 | F7: 0.29166667 | G7: 0.33333333 | H7: 0.29166667 | I7: 0.29166667 | J7: 0.375 | K7: 0.33333333 | L7: 0.54166667 | M7: 0.29166667 | N7: 0.625 | O7: 0.33333333 | P7: 0.58333333 | Q7: 0.66666667 | R7: 0.66666667 | S7: 0.375 | T7: 0.33333333 | U7: 0.625 | V7: 0.33333333 | W7: 0.33333333
D8: ～ | E8: ～ | F8: ～ | G8: ～ | H8: ～ | I8: ～ | J8: ～ | K8: ～ | L8: ～ | M8: ～ | N8: ～ | O8: ～ | P8: ～ | Q8: ～ | R8: ～ | S8: ～ | T8: ～ | U8: ～ | V8: ～ | W8: ～
D9: 0.41666667 | E9: 0.45833333 | F9: 0.41666667 | G9: 0.41666667 | H9: 0.375 | I9: 0.375 | J9: 0.45833333 | K9: 0.41666667 | L9: 0.625 | M9: 0.375 | N9: 0.70833333 | O9: 0.41666667 | P9: 0.66666667 | Q9: 0.75 | R9: 0.75 | S9: 0.41666667 | T9: 0.41666667 | U9: 0.75 | V9: 0.41666667 | W9: 0.41666667
B10: 実働時間 | D10: 2 | E10: 3 | F10: 3 | G10: 2 | H10: 2 | I10: 2 | J10: 2 | K10: 2 | L10: 2 | M10: 2 | N10: 2 | O10: 2 | P10: 2 | Q10: 2 | R10: 2 | S10: 2 | T10: 2 | U10: 3 | V10: 2 | W10: 2 | Z10: ４３時間
B11: 活動内容 | D11: 草刈り | E11: 草刈り | F11: 草刈り | G11: 草刈り | H11: 草刈り | I11: 草刈り | J11: 草刈り | K11: 草刈り | L11: 草刈り | M11: 草刈り | N11: 草刈り | O11: 草刈り | P11: 草刈り | Q11: 除草剤 散布 | R11: 除草剤 散布 | S11: 除草剤 散布 | T11: 草刈り | U11: 草刈り | V11: 草刈り | W11: 草刈り
B12: 日 当 | D12: 2000 | E12: 3000 | F12: 3000 | G12: 2000 | H12: 2000 | I12: 2000 | J12: 2000 | K12: 2000 | L12: 2000 | M12: 2000 | N12: 2000 | O12: 2000 | P12: 2000 | Q12: 2000 | R12: 2000 | S12: 2000 | T12: 2000 | U12: 3000 | V12: 2000 | W12: 2000 | Z12: =SUM(D12:Y12) -> 43000
B13: 機械名 | C13: 草 刈 機 | D13: 700 | E13: 350 | F13: 350 | G13: 700 | H13: 700 | I13: 700 | K13: 700 | L13: 700 | M13: 700 | N13: 700 | P13: 700 | U13: 700 | V13: 700 | Z13: =SUM(D13:Y13) -> 8400
C14: 畦畔草刈機 | E14: 1600 | F14: 1600 | J14: 1600 | O14: 1600 | T14: 1600 | U14: 800 | W14: 1600 | Z14: =SUM(D14:Y14) -> 10400
C15: 動力噴霧器 | Q15: 700 | R15: 700 | S15: 700 | Z15: =SUM(D15:Y15) -> 2100
C16: 軽トラック | Z16: =SUM(D16:Y16) -> 0
B17: 小 計 | D17: =SUM(D12:D16) -> 2700 | E17: =SUM(E12:E16) -> 4950 | F17: =SUM(F12:F16) -> 4950 | G17: =SUM(G12:G16) -> 2700 | H17: =SUM(H12:H16) -> 2700 | I17: =SUM(I12:I16) -> 2700 | J17: =SUM(J12:J16) -> 3600 | K17: =SUM(K12:K16) -> 2700 | ... W17: =SUM(W12:W16) -> 3600 | Z17: =SUM(D17:Y17) -> 63900
B19: NO. | D19: 21 | E19: 22 | F19: 23 | G19: 24 | H19: 25 | I19: 26 | J19: 27 | K19: 28 | L19: 29 | M19: 30 | N19: 31 | O19: 32 | P19: 33 | Q19: 34 | R19: 35 | S19: 36 | T19: 37 | U19: 38 | V19: 39 | W19: 40 | Z19: 計
B20: 日 付 | D20: 7/23 | E20: 7/25 | F20: 7/26 | G20: 8/1 | H20: 8/3 | I20: 8/20 | J20: 8/26 | K20: 8/27 | L20: 9/1 | M20: 9/2
B21: 時 間 帯 | D21: 0.54166667 | E21: 0.54166667 | F21: 0.33333333 | G21: 0.33333333 | H21: 0.33333333 | I21: 0.375 | J21: 0.33333333 | K21: 0.66666667 | L21: 0.29166667 | M21: 0.33333333
D22: ～ | E22: ～ | F22: ～ | G22: ～ | H22: ～ | I22: ～ | J22: ～ | K22: ～ | L22: ～ | M22: ～
D23: 0.625 | E23: 0.625 | F23: 0.41666667 | G23: 0.41666667 | H23: 0.41666667 | I23: 0.45833333 | J23: 0.41666667 | K23: 0.75 | L23: 0.375 | M23: 0.41666667
B24: 実働時間 | D24: 2 | E24: 2 | F24: 2 | G24: 2 | H24: 2 | I24: 2 | J24: 2 | K24: 2 | L24: 2 | M24: 2 | Z24: ２０時間
B25: 活動内容 | D25: 除草剤 散布 | E25: 除草剤 散布 | F25: 草刈り | G25: 草刈り | H25: 草刈り | I25: 草刈り | J25: 草刈り | K25: 草刈り | L25: 草刈り | M25: 草刈り
B26: 日 当 | D26: 2000 | E26: 2000 | F26: 2000 | G26: 2000 | H26: 2000 | I26: 2000 | J26: 2000 | K26: 2000 | L26: 2000 | M26: 2000 | Z26: =SUM(D26:Y26) -> 20000
B27: 機械名 | C27: 草 刈 機 | F27: 700 | J27: 700 | K27: 700 | L27: 700 | M27: 700 | Z27: =SUM(D27:Y27) -> 3500
C28: 畦畔草刈機 | G28: 1600 | H28: 1600 | I28: 1600 | Z28: =SUM(D28:Y28) -> 4800
C29: 動力噴霧器 | D29: 700 | E29: 700 | Z29: =SUM(D29:Y29) -> 1400
C30: 軽トラック | Z30: =SUM(D30:Y30) -> 0
B31: 小 計 | D31: =SUM(D26:D30) -> 2700 | E31: =SUM(E26:E30) -> 2700 | F31: =SUM(F26:F30) -> 2700 | G31: =SUM(G26:G30) -> 3600 | H31: =SUM(H26:H30) -> 3600 | I31: =SUM(I26:I30) -> 3600 | J31: =SUM(J26:J30) -> 2700 | K31: =SUM(K26:K30) -> 2700 | ... M31: =SUM(M26:M30) -> 2700 | Z31: =SUM(D31:Y31) -> 29700
AB32: 領収印
O33: 令和6年４月１日 改定 | R33: 日当 ： 1,00０円/時間 | W33: 日 当 合 計 | Y33: =Z12+Z26 -> 63000
P34: （各々燃料費を含む） | R34: 草刈機 ：＋３5０円円/時間 | W34: 機械借上げ合計 | Y34: =Z13+Z14+Z15+Z16+Z27+Z28+Z29+Z30 -> 30600
R35: 畦畔草刈機 ：＋８0０円円/時間 | W35: 支払額合計 | Y35: =Y33+Y34 -> 93600
R36: 軽トラック ：10００円/時間

Sheet 阿部正隆
D2: 日当整理表 | G2: 農地維持
D3: 畦畔・農道・路肩・法面の草刈り作業 | K3: 阿部正隆 | O3: 令和７年度 | V3: 農・維３
B5: NO. | D5: 1 | E5: 2 | F5: 3 | G5: 4 | H5: 5 | I5: 6 | J5: 7 | K5: 8 | L5: 9 | M5: 10 | N5: 11 | O5: 12 | P5: 13 | Q5: 14 | R5: 15 | S5: 16 | T5: 17 | U5: 18 | V5: 19 | W5: 20 | Z5: 計
B6: 日 付 | D6: 4/3 | E6: 4/4 | F6: 4/5 | G6: 4/8 | H6: 4/10 | I6: 4/15 | J6: 4/20 | K6: 4/25 | L6: 5/1 | M6: 5/3 | N6: 5/5 | O6: 5/8 | P6: 5/11 | Q6: 5/14 | R6: 5/17 | S6: 5/19 | T6: 6/1 | U6: 6/3 | V6: 6/5 | W6: 6/13
B7: 時 間 帯 | D7: 0.33333333 | E7: 0.33333333 | F7: 0.29166667 | G7: 0.54166667 | H7: 0.54166667 | I7: 0.29166667 | J7: 0.375 | K7: 0.33333333 | L7: 0.58333333 | M7: 0.29166667 | N7: 0.625 | O7: 0.33333333 | P7: 0.58333333 | Q7: 0.66666667 | R7: 0.66666667 | S7: 0.375 | T7: 0.33333333 | U7: 0.625 | V7: 0.33333333 | W7: 0.33333333
D8: ～ | E8: ～ | F8: ～ | G8: ～ | H8: ～ | I8: ～ | J8: ～ | K8: ～ | L8: ～ | M8: ～ | N8: ～ | O8: ～ | P8: ～ | Q8: ～ | R8: ～ | S8: ～ | T8: ～ | U8: ～ | V8: ～ | W8: ～
D9: 0.41666667 | E9: 0.41666667 | F9: 0.375 | G9: 0.625 | H9: 0.625 | I9: 0.375 | J9: 0.45833333 | K9: 0.41666667 | L9: 0.66666667 | M9: 0.375 | N9: 0.70833333 | O9: 0.41666667 | P9: 0.66666667 | Q9: 0.75 | R9: 0.75 | S9: 0.41666667 | T9: 0.41666667 | U9: 0.70833333 | V9: 0.41666667 | W9: 0.41666667
B10: 実働時間 | D10: 2 | E10: 2 | F10: 2 | G10: 2 | H10: 2 | I10: 2 | J10: 2 | K10: 2 | L10: 2 | M10: 2 | N10: 2 | O10: 2 | P10: 2 | Q10: 2 | R10: 2 | S10: 2 | T10: 2 | U10: 2 | V10: 2 | W10: 2 | Z10: ４０時間
B11: 活動内容 | D11: 草刈り | E11: 草刈り | F11: 草刈り | G11: 除草剤 散布 | H11: 除草剤 散布 | I11: 草刈り | J11: 草刈り | K11: 草刈り | L11: 草刈り | M11: 草刈り | N11: 草刈り | O11: 草刈り | P11: 草刈り | Q11: 除草剤 散布 | R11: 除草剤 散布 | S11: 除草剤 散布 | T11: 草刈り | U11: 草刈り | V11: 草刈り | W11: 草刈り
B12: 日 当 | D12: 2000 | E12: 2000 | F12: 2000 | G12: 2000 | H12: 2000 | I12: 2000 | J12: 2000 | K12: 2000 | L12: 2000 | M12: 2000 | N12: 2000 | O12: 2000 | P12: 2000 | Q12: 2000 | R12: 2000 | S12: 2000 | T12: 2000 | U12: 2000 | V12: 2000 | W12: 2000 | Z12: =SUM(D12:Y12) -> 40000
B13: 機械名 | C13: 草 刈 機 | D13: 700 | E13: 700 | F13: 700 | I13: 700 | K13: 700 | L13: 700 | M13: 700 | N13: 700 | P13: 700 | U13: 700 | Z13: =SUM(D13:Y13) -> 7000
C14: 畦畔草刈機 | J14: 1600 | O14: 1600 | T14: 1600 | V14: 1600 | W14: 1600 | Z14: =SUM(D14:Y14) -> 8000
C15: 動力噴霧器 | G15: 700 | H15: 700 | Q15: 700 | R15: 700 | S15: 700 | Z15: =SUM(D15:Y15) -> 3500
C16: 軽トラック | Z16: =SUM(D16:Y16) -> 0
B17: 小 計 | D17: =SUM(D12:D16) -> 2700 | E17: =SUM(E12:E16) -> 2700 | F17: =SUM(F12:F16) -> 2700 | G17: =SUM(G12:G16) -> 2700 | H17: =SUM(H12:H16) -> 2700 | I17: =SUM(I12:I16) -> 2700 | J17: =SUM(J12:J16) -> 3600 | K17: =SUM(K12:K16) -> 2700 | ... W17: =SUM(W12:W16) -> 3600 | Z17: =SUM(D17:Y17) -> 58500
B19: NO. | D19: 21 | E19: 22 | F19: 23 | G19: 24 | H19: 25 | I19: 26 | J19: 27 | K19: 28 | L19: 29 | M19: 30 | N19: 31 | O19: 32 | P19: 33 | Q19: 34 | R19: 35 | S19: 36 | T19: 37 | U19: 38 | V19: 39 | W19: 40 | Z19: 計
B20: 日 付 | D20: 6/18 | E20: 6/20 | F20: 6/25 | G20: 6/28 | H20: 6/29 | I20: 7/2 | J20: 7/7 | K20: 7/12 | L20: 7/16 | M20: 7/18 | N20: 7/25 | O20: 8/3 | P20: 8/6 | Q20: 8/10 | R20: 8/14 | S20: 8/20 | T20: 9/3 | U20: 9/7 | V20: 9/12
B21: 時 間 帯 | D21: 0.54166667 | E21: 0.33333333 | F21: 0.33333333 | G21: 0.33333333 | H21: 0.375 | I21: 0.33333333 | J21: 0.66666667 | K21: 0.29166667 | L21: 0.33333333 | M21: 0.33333333 | N21: 0.375 | O21: 0.29166667 | P21: 0.29166667 | Q21: 0.66666667 | R21: 0.66666667 | S21: 0.29166667 | T21: 0.33333333 | U21: 0.29166667 | V21: 0.33333333
D22: ～ | E22: ～ | F22: ～ | G22: ～ | H22: ～ | I22: ～ | J22: ～ | K22: ～ | L22: ～ | M22: ～ | N22: ～ | O22: ～ | P22: ～ | Q22: ～ | R22: ～ | S22: ～ | T22: ～ | U22: ～ | V22: ～
D23: 0.625 | E23: 0.41666667 | F23: 0.41666667 | G23: 0.41666667 | H23: 0.45833333 | I23: 0.41666667 | J23: 0.75 | K23: 0.375 | L23: 0.41666667 | M23: 0.41666667 | N23: 0.45833333 | O23: 0.375 | P23: 0.375 | Q23: 0.75 | R23: 0.75 | S23: 0.375 | T23: 0.41666667 | U23: 0.375 | V23: 0.41666667
B24: 実働時間 | D24: 2 | E24: 2 | F24: 2 | G24: 2 | H24: 2 | I24: 2 | J24: 2 | K24: 2 | L24: 2 | M24: 2 | N24: 2 | O24: 2 | P24: 2 | Q24: 2 | R24: 2 | S24: 2 | T24: 2 | U24: 2 | V24: 2 | Z24: ３８時間
B25: 活動内容 | D25: 除草剤 散布 | E25: 草刈り | F25: 草刈り | G25: 草刈り | H25: 草刈り | I25: 草刈り | J25: 草刈り | K25: 草刈り | L25: 草刈り | M25: 草刈り | N25: 草刈り | O25: 草刈り | P25: 草刈り | Q25: 草刈り | R25: 草刈り | S25: 草刈り | T25: 草刈り | U25: 草刈り | V25: 草刈り
B26: 日 当 | D26: 2000 | E26: 2000 | F26: 2000 | G26: 2000 | H26: 2000 | I26: 2000 | J26: 2000 | K26: 2000 | L26: 2000 | M26: 2000 | N26: 2000 | O26: 2000 | P26: 2000 | Q26: 2000 | R26: 2000 | S26: 2000 | T26: 2000 | U26: 2000 | V26: 2000 | Z26: =SUM(D26:Y26) -> 38000
B27: 機械名 | C27: 草 刈 機 | E27: 700 | G27: 700 | I27: 700 | J27: 700 | K27: 700 | L27: 700 | N27: 700 | O27: 700 | P27: 700 | Q27: 700 | R27: 700 | T27: 700 | U27: 700 | V27: 700 | Z27: =SUM(D27:Y27) -> 9800
C28: 畦畔草刈機 | F28: 1600 | H28: 1600 | M28: 1600 | S28: 1600 | Z28: =SUM(D28:Y28) -> 6400
C29: 動力噴霧器 | D29: 700 | Z29: =SUM(D29:Y29) -> 700
C30: 軽トラック | Z30: =SUM(D30:Y30) -> 0
B31: 小 計 | D31: =SUM(D26:D30) -> 2700 | E31: =SUM(E26:E30) -> 2700 | F31: =SUM(F26:F30) -> 3600 | G31: =SUM(G26:G30) -> 2700 | H31: =SUM(H26:H30) -> 3600 | I31: =SUM(I26:I30) -> 2700 | J31: =SUM(J26:J30) -> 2700 | K31: =SUM(K26:K30) -> 2700 | ... V31: =SUM(V26:V30) -> 2700 | Z31: =SUM(D31:Y31) -> 54900
O33: 令和6年４月１日 改定 | R33: 日当 ： 1,00０円/時間 | W33: 日 当 合 計 | Y33: =Z12+Z26 -> 78000
P34: （各々燃料費を含む） | R34: 草刈機 ：＋３5０円円/時間 | W34: 機械借上げ合計 | Y34: =Z13+Z14+Z15+Z16+Z27+Z28+Z29+Z30 -> 35400
R35: 畦畔草刈機 ：＋８0０円円/時間 | W35: 支払額合計 | Y35: =Y33+Y34 -> 113400
R36: 軽トラック ：10００円/時間
Y37: 領収印

Sheet 斉木忠義
D2: 日当整理表 | G2: 農地維持
D3: 畦畔・農道・路肩・法面の草刈り等 | K3: 斉木忠義 | O3: 令和７年度 | V3: 農・維４
B5: NO. | D5: 1 | E5: 2 | F5: 3 | G5: 4 | H5: 5 | I5: 6 | J5: 7 | K5: 8 | L5: 9 | M5: 10 | N5: 11 | O5: 12 | P5: 13 | Q5: 14 | R5: 15 | S5: 16 | T5: 17 | U5: 18 | V5: 19 | W5: 20 | Z5: 合計
B6: 日 付 | D6: 4/15 | E6: 5/6 | F6: 5/7 | G6: 5/9 | H6: 6/10 | I6: 7/12 | J6: 7/15 | K6: 7/18
B7: 時 間 帯 | D7: 0.33333333 | E7: 0.33333333 | F7: 0.375 | G7: 0.375 | H7: 0.33333333 | I7: 0.33333333 | J7: 0.29166667 | K7: 0.33333333
D8: ～ | E8: ～ | F8: ～ | G8: ～ | H8: ～ | I8: ～ | J8: ～ | K8: ～
D9: 0.41666667 | E9: 0.375 | F9: 0.41666667 | G9: 0.41666667 | H9: 0.375 | I9: 0.375 | J9: 0.33333333 | K9: 0.41666667
B10: 実働時間 | D10: 2 | E10: 1 | F10: 1 | G10: 1 | H10: 1 | I10: 1 | J10: 1 | K10: 2 | X10: １０時間
B11: 活動内容 | D11: 草刈り | E11: 草刈り | F11: 除草剤 散布 | G11: 除草剤 散布 | H11: 草刈り | I11: 草刈り | J11: 草刈り | K11: 草刈り
B12: 日 当 | D12: 2000 | E12: 1000 | F12: 1000 | G12: 1000 | H12: 1000 | I12: 1000 | J12: 1000 | K12: 2000 | Z12: =SUM(D12:Y12) -> 10000
B13: 機械名 | C13: 草 刈 機 | D13: 700 | E13: 350 | H13: 350 | I13: 350 | J13: 350 | K13: 700 | Z13: =SUM(D13:Y13) -> 2800
C14: 畦畔草刈機 | Z14: =SUM(D14:Y14) -> 0
C15: 動力噴霧器 | F15: 350 | G15: 350 | Z15: =SUM(D15:Y15) -> 700
C16: 軽トラック | Z16: =SUM(D16:Y16) -> 0
B17: 小 計 | D17: =SUM(D12:D16) -> 2700 | E17: =SUM(E12:E16) -> 1350 | F17: =SUM(F12:F16) -> 1350 | G17: =SUM(G12:G16) -> 1350 | H17: =SUM(H12:H16) -> 1350 | I17: =SUM(I12:I16) -> 1350 | J17: =SUM(J12:J16) -> 1350 | K17: =SUM(K12:K16) -> 2700 | Z17: =SUM(D17:Y17) -> 13500
B19: NO. | D19: 21 | E19: 22 | F19: 23 | G19: 24 | H19: 25 | I19: 26 | J19: 27 | K19: 28 | L19: 29 | M19: 30 | N19: 31 | O19: 32 | P19: 33 | Q19: 34 | R19: 35 | S19: 36 | T19: 37 | U19: 38 | V19: 39 | W19: 40 | Z19: 計
B20: 日 付
B21: 時 間 帯
B24: 実働時間
B25: 活動内容
B26: 日 当
B27: 機械名 | C27: 草 刈 機
C28: 畦畔草刈機
C29: 動力噴霧器
C30: 軽トラック
B31: 小 計 | D31: =SUM(D26:D30) -> 0 | E31: =SUM(E26:E30) -> 0 | F31: =SUM(F26:F30) -> 0 | G31: =SUM(G26:G30) -> 0 | H31: =SUM(H26:H30) -> 0 | I31: =SUM(I26:I30) -> 0 | J31: =SUM(J26:J30) -> 0 | K31: =SUM(K26:K30) -> 0 | ... M31: =SUM(M26:M30) -> 0
AB32: 領収印
O33: 令和6年４月１日 改定 | R33: 日当 ： 1,00０円/時間 | W33: 日 当 合 計 | Y33: =Z12+Z26 -> 10000
O34: （各々燃料費を含む） | R34: 草刈機 ：＋３5０円円/時間 | W34: 機械借上げ合計 | Y34: =Z13+Z14+Z15+Z16+Z27+Z28+Z29+Z30 -> 3500
R35: 畦畔草刈機 ：＋８0０円円/時間 | W35: 支払額合計 | Y35: =Y33+Y34 -> 13500
R36: 軽トラック ：10００円/時間

Sheet 下管理組合
B2: 日当等整理表
C3: 令和７年度 鎌田排水機場用地・農道・路肩の草刈り等 | M3: 鎌田下管理組合 | R3: 農・維５
B4: 参加者一覧 兼 領収印
C5: 氏 名 | D5: NO. | E5: 1 | F5: 2 | G5: 3 | H5: 4 | I5: 5 | J5: 6 | K5: 7 | L5: 8 | M5: 9 | N5: 10 | O5: 11 | P5: 12 | Q5: 13 | R5: 小計 | S5: 合 計 | T5: 領 収 印
D6: 日 付 | E6: 45788 | F6: 45797 | G6: 45799 | H6: 45803 | I6: 45812 | J6: 45822 | K6: 45822 | L6: 45837 | M6: 45839 | N6: 45881 | O6: 45901
D7: 時 間 帯 | E7: 0.33333333 | F7: 0.625 | G7: 0.41666667 | H7: 0.41666667 | I7: 0.375 | J7: 0.375 | K7: 0.58333333 | L7: 0.54166667 | M7: 0.33333333 | N7: 0.33333333 | O7: 0.375
E8: ～ | F8: ～ | G8: ～ | H8: ～ | I8: ～ | J8: ～ | K8: ～ | L8: ～ | M8: ～ | N8: ～ | O8: ～
E9: 0.41666667 | F9: 0.66666667 | G9: 0.5 | H9: 0.5 | I9: 0.41666667 | J9: 0.5 | K9: 0.625 | L9: 0.625 | M9: 0.41666667 | N9: 0.41666667 | O9: 0.54166667
D10: 実働時間 | E10: 2 | F10: 1 | G10: 2 | H10: 2 | I10: 1 | J10: 3 | K10: 1 | L10: 2 | M10: 2 | N10: 2 | O10: 2 | R10: 延べ ２７時間
D11: 活動内容 | E11: 草刈り モア機 | F11: 草刈り モア機 | G11: 草刈り モア機 | H11: 除草剤 散布 | I11: 草刈り | J11: 草刈り モア機 | K11: 草刈り | L11: 除草剤 散布 | M11: 草刈り | N11: 草刈り | O11: 草刈り モア機
B12: 1 | D12: 日 当 | E12: 2000 | G12: 2000 | J12: 3000 | R12: =SUM(E12:P12) -> 7000 | S12: =R12+R13 -> 7000
C13: 斉木 太郎 | D13: 草 刈 機 | R13: =SUM(E13:P13) -> 0
A14: 3143 | D14: 畦畔草刈機 | R14: 0
D15: 動力噴霧器
D16: 軽トラック | R16: 0
B17: 2 | D17: 日 当 | K17: 1000 | M17: 1000 | R17: =SUM(E17:P17) -> 2000 | S17: =R17+R18 -> 2700
C18: 藤井 守 | D18: 草 刈 機 | K18: 350 | M18: 350 | R18: =SUM(E18:P18) -> 700
D19: 畦畔草刈機 | R19: 0
D20: 動力噴霧器
D21: 軽トラック | R21: 0
B22: 3 | D22: 日 当 | F22: 1000 | H22: 2000 | I22: 1000 | K22: 1000 | L22: 2000 | M22: 2000 | N22: 2000 | O22: 2000 | R22: 13000 | S22: =R22+R23+R25 -> 16500
C23: 嘉藤 茂 | D23: 草 刈 機 | I23: 350 | K23: 350 | M23: 700 | N23: 700 | R23: =SUM(E23:P23) -> 2100
D24: 畦畔草刈機 | R24: 0
D25: 動力噴霧器 | H25: 700 | L25: 700 | R25: 1400
D26: 軽トラック | R26: 0
B27: 4 | D27: 日 当 | K27: 1000 | M27: 2000 | N27: 2000 | R27: =SUM(E27:P27) -> 5000 | S27: =R27+R28 -> 6750
C28: 渋谷 文啓 | D28: 草 刈 機 | K28: 350 | M28: 700 | N28: 700 | R28: =SUM(E28:P28) -> 1750
D29: 畦畔草刈機 | R29: 0
D30: 動力噴霧器
D31: 軽トラック | R31: 0
B33: 合 計 | C33: 日 当 | E33: =E12+E17+E22+E27 -> 2000 | F33: =F12+F17+F22+F27 -> 1000 | G33: =G12+G17+G22+G27 -> 2000 | H33: =H12+H17+H22+H27 -> 2000 | I33: =I12+I17+I22+I27 -> 1000 | J33: =J12+J17+J22+J27 -> 3000 | K33: =K12+K17+K22+K27 -> 3000 | L33: =L12+L17+L22+L27 -> 2000 | ... O33: =O12+O17+O22+O27 -> 2000 | R33: =SUM(E33:Q33) -> 27000 | S33: =R33+R34+R35+R36 -> 32950
C34: 機械名 | D34: 草 刈 機 | I34: 350 | K34: 1050 | M34: 1750 | N34: 1400 | R34: =SUM(E34:Q34) -> 4550
D35: 畦畔草刈機 | R35: =SUM(E35:P35) -> 0
D36: 動力噴霧器 | H36: 700 | L36: 700 | R36: 1400
D37: 軽トラック | R37: 0
J40: 令和6年４月１日 改定 | L40: 日当 ： 1,00０円/時間 | P40: =#REF!+#REF! -> #REF! | R40: 日 当 合 計 | T40: =R12+R17+R22+R27 -> 27000
L41: 草刈機 ：＋３5０円円/時間 | O41: モア機は（農）法人カマタより無償貸与 | R41: 機械借上げ合計 | T41: 5950
L42: 畦畔草刈機 ：＋８0０円円/時間 | R42: 支払額合計 | T42: =T40+T41 -> 32950
L43: 動力噴霧器 ：＋３５０円円/時間
L44: 軽トラック ：10００円/時間 | T44: =#REF!+#REF! -> #REF!
L45: （各々燃料費を含む）

Sheet 一覧
C2: 一覧表
C3: 令和7年（自動入力） | G3: 令和元年 | H3: 令和２年 | I3: 令和３年 | J3: 令和４年 | K3: 令和６年 | M3: 法人 R７年 （自動入力）
C4: 法人カマタ | D4: =法人一覧!AD143 -> 415600 | F4: 417000 | G4: 440040 | H4: 441090 | I4: 446810 | J4: 445470 | K4: 446630 | M4: 斎木太郎 | N4: =法人一覧!AD11 -> 61450
C5: 藤井守 | D5: 93600 | G5: 58660 | H5: 65420 | I5: 64710 | J5: 64220 | K5: 65700 | M5: 阿部賢二 | N5: =法人一覧!AD24 -> 54900
C6: 飛田芳則 | G6: 39060 | H6: 32540 | I6: =#REF! -> #REF! | J6: 34020 | K6: 35100 | M6: 嘉藤茂 | N6: =法人一覧!AD37 -> 54000
C7: 小 計 | F7: 92000 | G7: 97720 | H7: =SUM(H5:H6) -> 97960 | I7: =I5+I6 -> #REF! | J7: =J5+J6 -> 98240 | K7: =SUM(K5:K6) -> 100800 | M7: 西谷博厚 | N7: =法人一覧!AD50 -> 40500
C8: 阿部正隆 | D8: =阿部正隆!Y35 -> 113400 | G8: 70260 | H8: 75230 | I8: 77130 | J8: 79890 | K8: 87650 | M8: 阿部知信 | N8: =法人一覧!AD82 -> 55350
C9: 古川/佐藤 | G9: 50400 | H9: 45360 | I9: 44100 | J9: 41580 | K9: 33400 | M9: 五十嵐修一 | N9: =法人一覧!AD95 -> 59400
C10: 小 計 | F10: 113000 | G10: 120660 | H10: =SUM(H8:H9) -> 120590 | I10: =I8+I9 -> 121230 | J10: =J8+J9 -> 121470 | K10: =SUM(K8:K9) -> 121050 | M10: 山田義雄 | N10: =法人一覧!AD108 -> 73800
C11: 斎木忠義 | D11: =斉木忠義!Y35 -> 13500 | F11: 13000 | G11: 13850 | H11: 13850 | I11: =#REF! -> #REF! | J11: 13860 | K11: 13950 | N11: =法人一覧!AD123 -> 16200
C12: 斎木昌樹 | G12: 1260 | H12: 0 | I12: 0 | J12: 0 | K12: 0 | M12: 穂刈和利 | N12: =法人一覧!#REF! -> #REF!
C13: 穂刈和利 | G13: 6300 | H13: 6300 | I13: 0 | J13: 0 | K13: 0 | N13: =法人一覧!#REF! -> #REF!
C14: 下管理組合 | D14: =下管理組合!T42 -> 32950 | F14: 33000 | G14: 33940 | H14: 35880 | I14: 35910 | J14: 35710 | K14: 36250 | N14: =法人一覧!#REF! -> #REF!
D15: =D4+D5+D8+D11+D14 -> 669050 | F15: =SUM(F4:F14) -> 668000 | G15: =G4+G7+G10+G11+G12+G13+G14 -> 713770 | H15: =H4+H7+H10+H11+H12+H13+H14 -> 715670 | I15: =I4+I7+I10+I11+I12+I13+I14 -> #REF! | J15: =J4+J7+J10+J11+J12+J13+J14 -> 714750 | K15: =K4+K7+K10+K11+K12+K13+K14 -> 718680 | N15: =SUM(N4:N14) -> #REF!
C17: 令和６年度比 | D17: 0.73

Sheet 元表
B1: 日当等整理表
C2: 農道・水路部分の草刈り作業
B3: 参加者一覧 兼 領収印
C4: 氏 名 | D4: NO. | E4: 1 | F4: 2 | G4: 3 | H4: 4 | I4: 5 | J4: 6 | K4: 7 | L4: 8 | M4: 9 | N4: 10 | O4: 11 | P4: 12 | Q4: 13 | R4: 14 | S4: 15 | T4: 16 | U4: 17 | V4: 18 | W4: 19 | X4: 20 | Y4: 21 | Z4: 22 | AA4: 23 | AB4: 24 | AC4: 25 | AD4: 26 | AE4: 小 計 | AF4: 合 計 | AG4: 領 収 印
D5: 日 付
D6: 時 間 帯
E7: ～ | F7: ～ | G7: ～ | H7: ～ | I7: ～ | J7: ～ | K7: ～ | L7: ～ | M7: ～ | N7: ～ | O7: ～ | P7: ～ | Q7: ～ | R7: ～ | S7: ～ | T7: ～ | U7: ～ | V7: ～ | W7: ～ | X7: ～ | Y7: ～ | Z7: ～ | AA7: ～ | AB7: ～ | AC7: ～ | AD7: ～
D9: 実働時間
D10: 活動内容
B11: 1 | D11: 日 当 | AE11: =SUM(E11:AD11) -> 0 | AF11: =AE11+AE12+AE13+AE14+AE15 -> 0
D12: 草 刈 機 | AE12: =SUM(E12:AD12) -> 0
D13: 畦畔草刈機 | AE13: =SUM(E13:AD13) -> 0
D14: 法面草刈機 | AE14: =SUM(E14:AD14) -> 0
D15: 軽トラック | AE15: =SUM(E15:AD15) -> 0
B16: 2 | D16: 日 当 | AE16: =SUM(E16:AD16) -> 0 | AF16: =AE16+AE17+AE18+AE19+AE20 -> 0
D17: 草 刈 機 | AE17: =SUM(E17:AD17) -> 0
D18: 畦畔草刈機 | AE18: =SUM(E18:AD18) -> 0
D19: 法面草刈機 | AE19: =SUM(E19:AD19) -> 0
D20: 軽トラック | AE20: =SUM(E20:AD20) -> 0
B21: 3 | D21: 日 当 | AE21: =SUM(E21:AD21) -> 0 | AF21: =AE21+AE22+AE23+AE24+AE25 -> 0
D22: 草 刈 機 | AE22: =SUM(E22:AD22) -> 0
D23: 畦畔草刈機 | AE23: =SUM(E23:AD23) -> 0
D24: 法面草刈機 | AE24: =SUM(E24:AD24) -> 0
D25: 軽トラック | AE25: =SUM(E25:AD25) -> 0
B26: 4 | D26: 日 当 | AE26: =SUM(E26:AD26) -> 0 | AF26: =AE26+AE27+AE28+AE29+AE30 -> 0
D27: 草 刈 機 | AE27: =SUM(E27:AD27) -> 0
D28: 畦畔草刈機 | AE28: =SUM(E28:AD28) -> 0
D29: 法面草刈機 | AE29: =SUM(E29:AD29) -> 0
D30: 軽トラック | AE30: =SUM(E30:AD30) -> 0
B31: 5 | D31: 日 当 | AE31: =SUM(E31:AD31) -> 0 | AF31: =AE31+AE32+AE33+AE34+AE35 -> 0
D32: 草 刈 機 | AE32: =SUM(E32:AD32) -> 0
D33: 畦畔草刈機 | AE33: =SUM(E33:AD33) -> 0
D34: 法面草刈機 | AE34: =SUM(E34:AD34) -> 0
D35: 軽トラック | AE35: =SUM(E35:AD35) -> 0
B36: 6 | D36: 日 当 | AE36: =SUM(E36:AD36) -> 0 | AF36: =AE36+AE37+AE38+AE39+AE40 -> 0
D37: 草 刈 機 | AE37: =SUM(E37:AD37) -> 0
D38: 畦畔草刈機 | AE38: =SUM(E38:AD38) -> 0
D39: 法面草刈機 | AE39: =SUM(E39:AD39) -> 0
D40: 軽トラック | AE40: =SUM(E40:AD40) -> 0
B41: 7 | D41: 日 当 | AE41: =SUM(E41:AD41) -> 0 | AF41: =AE41+AE42+AE43+AE44+AE45 -> 0
D42: 草 刈 機 | AE42: =SUM(E42:AD42) -> 0
D43: 畦畔草刈機 | AE43: =SUM(E43:AD43) -> 0
D44: 法面草刈機 | AE44: =SUM(E44:AD44) -> 0
D45: 軽トラック | AE45: =SUM(E45:AD45) -> 0
B46: 8 | D46: 日 当 | AE46: =SUM(E46:AD46) -> 0 | AF46: =AE46+AE47+AE48+AE49+AE50 -> 0
D47: 草 刈 機 | AE47: =SUM(E47:AD47) -> 0
D48: 畦畔草刈機 | AE48: =SUM(E48:AD48) -> 0
D49: 法面草刈機 | AE49: =SUM(E49:AD49) -> 0
D50: 軽トラック | AE50: =SUM(E50:AD50) -> 0
B51: 9 | D51: 日 当 | AE51: =SUM(E51:AD51) -> 0 | AF51: =AE51+AE52+AE53+AE54+AE55 -> 0
D52: 草 刈 機 | AE52: =SUM(E52:AD52) -> 0
D53: 畦畔草刈機 | AE53: =SUM(E53:AD53) -> 0
D54: 法面草刈機 | AE54: =SUM(E54:AD54) -> 0
D55: 軽トラック | AE55: =SUM(E55:AD55) -> 0
B56: 10 | D56: 日 当 | AE56: =SUM(E56:AD56) -> 0 | AF56: =AE56+AE57+AE58+AE59+AE60 -> 0
D57: 草 刈 機 | AE57: =SUM(E57:AD57) -> 0
D58: 畦畔草刈機 | AE58: =SUM(E58:AD58) -> 0
D59: 法面草刈機 | AE59: =SUM(E59:AD59) -> 0
D60: 軽トラック | AE60: =SUM(E60:AD60) -> 0
B61: 11 | D61: 日 当 | AE61: =SUM(E61:AD61) -> 0 | AF61: =AE61+AE62+AE63+AE64+AE65 -> 0
D62: 草 刈 機 | AE62: =SUM(E62:AD62) -> 0
D63: 畦畔草刈機 | AE63: =SUM(E63:AD63) -> 0
D64: 法面草刈機 | AE64: =SUM(E64:AD64) -> 0
D65: 軽トラック | AE65: =SUM(E65:AD65) -> 0
B66: 計
AD68: 日当 ： ９３０円/時間 | AG68: =#REF!+#REF! -> #REF!
AD69: 草刈機 ：＋３３０円円/時間
AD70: 畦畔草刈機 ：＋８３０円円/時間
AD71: 法面草刈機 ：＋９７０円円/時間
AD72: 軽トラック ： ８００円/時間
AD73: （燃料費を含む）
